,City,Lat,Lng,Max Temp,Humidity,Cloudiness,Wind Speed,Country,Date
0,east london,-33.0153,27.9116,29.52,54,0,4.63,ZA,1640596015
1,avarua,-21.2078,-159.775,23.03,83,46,1.54,CK,1640596016
2,severo-kurilsk,50.6789,156.125,-2.08,87,84,5.81,RU,1640596016
3,kapaa,22.0752,-159.319,23.18,73,20,0.45,US,1640596017
4,matamoros,25.5333,-103.25,16.17,34,9,1.97,MX,1640595996
5,bowen,-20.0167,148.2333,26.19,76,100,3.31,AU,1640596020
6,mataura,-46.1927,168.8643,12.49,91,100,0.79,NZ,1640596020
7,rikitea,-23.1203,-134.9692,24.11,89,100,9.56,PF,1640596021
8,ushuaia,-54.8,-68.3,7.81,71,90,6.17,AR,1640596022
9,jamestown,42.097,-79.2353,-0.38,81,1,1.79,US,1640596023
10,ponta do sol,32.6667,-17.1,19.45,86,100,2.32,PT,1640596024
11,staryy nadym,65.6118,72.6842,-16.69,81,100,9.02,RU,1640596024
12,cape town,-33.9258,18.4232,21.6,79,75,1.79,ZA,1640595348
13,chuy,-33.6971,-53.4616,15.74,82,0,2.26,UY,1640596026
14,butaritari,3.0707,172.7902,27.88,75,68,4.44,KI,1640596027
15,ukiah,39.1502,-123.2078,7.57,95,90,1.54,US,1640595998
16,bredasdorp,-34.5322,20.0403,21.27,58,100,6.58,ZA,1640596028
17,wattegama,6.7989,81.4808,30.51,47,2,4.73,LK,1640596029
18,boa vista,2.8197,-60.6733,24.99,78,0,4.12,BR,1640596030
19,provideniya,64.3833,-173.3,-16.84,84,94,3.5,RU,1640596030
20,kaeo,-35.1,173.7833,21.29,91,100,1.66,NZ,1640596031
21,port alfred,-33.5906,26.891,28.57,54,86,2.3,ZA,1640596033
22,atuona,-9.8,-139.0333,25.91,79,24,6.96,PF,1640596033
23,kalmunai,7.4167,81.8167,28.09,59,20,4.61,LK,1640596034
24,ucluelet,48.9329,-125.5528,-6.62,84,0,3.78,CA,1640595836
25,xining,36.6167,101.7667,-4.37,47,2,0.39,CN,1640596035
26,arraial do cabo,-22.9661,-42.0278,23.92,83,0,5.14,BR,1640596036
27,honiara,-9.4333,159.95,27.13,86,100,1.24,SB,1640596037
28,hualmay,-11.0964,-77.6139,19.03,91,100,3.04,PE,1640596038
29,sakakah,29.9697,40.2064,12.78,41,0,4.67,SA,1640596039
30,south venice,27.0531,-82.4243,18.88,100,1,1.54,US,1640596040
31,khatanga,71.9667,102.5,-36.31,100,21,0.73,RU,1640596041
32,vaini,-21.2,-175.2,24.09,94,40,1.03,TO,1640596041
33,qaanaaq,77.484,-69.3632,-22.45,72,9,3.52,GL,1640596042
34,northam,51.0333,-4.2167,11.68,95,100,7.02,GB,1640596043
35,lorengau,-2.0226,147.2712,28.57,77,95,3.82,PG,1640596044
36,te anau,-45.4167,167.7167,9.53,92,81,1.85,NZ,1640596044
37,tomatlan,19.9333,-105.25,18.91,82,18,1.4,MX,1640596045
38,kaitangata,-46.2817,169.8464,10.24,93,100,1.53,NZ,1640596046
39,pevek,69.7008,170.3133,-30.67,100,97,1.17,RU,1640596047
40,new norfolk,-42.7826,147.0587,15.5,50,100,1.64,AU,1640596048
41,kulhudhuffushi,6.6221,73.07,27.52,65,1,5.21,MV,1640596049
42,thompson,55.7435,-97.8558,-24.43,90,100,1.63,CA,1640596050
43,luganville,-15.5333,167.1667,27.3,83,87,3.03,VU,1640596051
44,cidreira,-30.1811,-50.2056,18.78,93,8,2.63,BR,1640596051
45,pangnirtung,66.1451,-65.7125,-16.54,64,20,3.26,CA,1640596052
46,saint-francois,46.4154,3.9054,6.93,96,90,3.6,FR,1640596053
47,bryan,30.6744,-96.37,21.86,80,90,5.14,US,1640596054
48,kayerkan,69.3497,87.7602,-26.48,96,27,2.83,RU,1640596054
49,mutoko,-17.397,32.2268,27.12,47,66,4.15,ZW,1640596055
50,payo,-3.7508,103.6372,27.19,89,90,1.27,ID,1640596056
51,salalah,17.0151,54.0924,27.05,54,0,4.63,OM,1640596057
52,odweyne,9.4092,45.064,28.12,22,80,3.91,SO,1640596057
53,carnarvon,-24.8667,113.6333,26.04,78,100,7.72,AU,1640596058
54,kodiak,57.79,-152.4072,6.75,81,88,4.58,US,1640596059
55,chibuto,-24.6867,33.5306,33.23,44,81,5.09,MZ,1640596059
56,ponta delgada,37.7333,-25.6667,18.4,82,20,9.77,PT,1640596060
57,el alto,-4.2714,-81.2147,18.23,88,74,5.12,PE,1640596061
58,nouadhibou,20.931,-17.0347,19.43,53,0,4.92,MR,1640596061
59,kyren,51.6828,102.1408,-12.21,85,80,0.24,RU,1640596062
60,punta arenas,-53.15,-70.9167,8.06,93,90,7.72,CL,1640596063
61,los llanos de aridane,28.6585,-17.9182,15.62,88,40,1.79,ES,1640596063
62,wadi musa,30.3222,35.4793,10.89,50,0,2.42,JO,1640596064
63,les escoumins,48.1111,-69.0236,-8.96,85,61,3.63,CA,1640596065
64,bridlington,54.0831,-0.1919,6.27,93,15,3.84,GB,1640596066
65,lavrentiya,65.5833,-171.0,-23.37,87,46,2.31,RU,1640596067
66,georgetown,5.4112,100.3354,32.96,67,20,0.45,MY,1640595872
67,misratah,32.3754,15.0925,17.86,42,37,4.17,LY,1640596068
68,bambous virieux,-20.3428,57.7575,24.56,77,87,5.74,MU,1640596069
69,upernavik,72.7868,-56.1549,-22.64,95,91,5.6,GL,1640596070
70,walvis bay,-22.9575,14.5053,20.05,54,13,4.04,NA,1640596071
71,portland,45.5234,-122.6762,1.16,93,90,1.79,US,1640595498
72,dikson,73.5069,80.5464,-18.9,80,85,10.14,RU,1640596072
73,bluff,-46.6,168.3333,12.67,66,98,3.8,NZ,1640596073
74,george town,5.4112,100.3354,32.96,67,20,0.45,MY,1640595927
75,wahiawa,21.5028,-158.0236,21.23,73,40,5.66,US,1640596074
76,nikolskoye,59.7035,30.7861,-9.06,97,52,1.94,RU,1640596075
77,ancud,-41.8697,-73.8203,12.74,97,17,2.2,CL,1640596076
78,tak,16.5833,98.8333,24.65,61,63,3.28,TH,1640596076
79,bontang,0.1333,117.5,26.07,84,100,1.51,ID,1640596077
80,wamba,8.9333,8.6,31.07,20,60,1.7,NG,1640596078
81,hilo,19.7297,-155.09,21.27,43,90,3.09,US,1640596078
82,asau,46.4333,26.4,-1.69,95,100,1.43,RO,1640596079
83,cherskiy,68.75,161.3,-35.89,100,100,2.05,RU,1640596080
84,mahebourg,-20.4081,57.7,24.58,77,91,5.69,MU,1640596081
85,tuktoyaktuk,69.4541,-133.0374,-14.52,94,100,4.21,CA,1640596082
86,ipaba,-19.4136,-42.4194,19.96,97,58,0.58,BR,1640596083
87,hermanus,-34.4187,19.2345,21.56,72,100,4.52,ZA,1640596083
88,kloulklubed,7.0419,134.2556,28.07,81,43,8.65,PW,1640596084
89,sao filipe,14.8961,-24.4956,24.59,63,0,5.34,CV,1640596085
90,hobart,-42.8794,147.3294,15.7,66,40,0.45,AU,1640596087
91,puerto ayora,-0.7393,-90.3518,20.75,88,100,3.17,EC,1640596088
92,aykhal,66.0,111.5,-29.77,99,98,3.92,RU,1640596089
93,sabang,5.8933,95.3214,27.81,72,9,7.76,ID,1640596089
94,norman wells,65.282,-126.8329,-16.98,71,90,9.26,CA,1640596090
95,najran,17.4924,44.1277,23.77,19,4,2.41,SA,1640596091
96,carlsbad,33.1581,-117.3506,11.0,86,1,0.0,US,1640596011
97,port blair,11.6667,92.75,27.3,72,20,6.08,IN,1640596092
98,shahganj,26.05,82.6833,22.95,34,62,1.41,IN,1640596093
99,kaohsiung,22.6163,120.3133,19.97,73,75,0.45,TW,1640596094
100,xuddur,4.1213,43.8894,31.68,32,64,8.15,SO,1640596095
101,busselton,-33.65,115.3333,37.8,30,37,3.49,AU,1640596096
102,clyde river,70.4692,-68.5914,-26.38,82,100,2.18,CA,1640596096
103,san andres,12.5847,-81.7006,27.01,83,40,2.57,CO,1640596097
104,albany,42.6001,-73.9662,-1.25,74,6,0.89,US,1640596098
105,kondinskoye,59.6481,67.41,-10.67,93,100,6.39,RU,1640596099
106,wanning,18.8003,110.3967,17.5,91,100,7.32,CN,1640596100
107,mount isa,-20.7333,139.5,35.87,20,89,4.12,AU,1640596100
108,pochutla,15.7432,-96.4661,21.01,73,0,1.09,MX,1640596101
109,santa rosa,14.3122,121.1114,27.27,77,98,7.19,PH,1640596102
110,lagoa,39.05,-27.9833,17.36,85,81,16.85,PT,1640596103
111,geraldton,-28.7667,114.6,36.23,21,91,5.14,AU,1640596104
112,madang,-5.2246,145.7966,26.97,84,100,1.84,PG,1640596104
113,sena madureira,-9.0656,-68.6569,22.8,99,100,0.8,BR,1640596105
114,porto novo,6.4965,2.6036,30.7,62,31,1.15,BJ,1640596106
115,savinskiy,62.9342,40.1361,-19.02,95,99,1.59,RU,1640596107
116,touros,-5.1989,-35.4608,24.5,80,58,4.14,BR,1640596109
117,namatanai,-3.6667,152.4333,27.61,76,100,0.73,PG,1640596109
118,kawalu,-7.3817,108.2082,27.13,76,84,1.08,ID,1640596110
119,maseru,-29.3167,27.4833,15.06,83,100,3.25,LS,1640596111
120,senanga,-16.1167,23.2667,23.02,75,100,2.77,ZM,1640596112
121,bethel,41.3712,-73.414,1.56,72,1,0.45,US,1640596113
122,lahaina,20.8783,-156.6825,22.0,68,100,4.97,US,1640596039
123,vanimo,-2.6741,141.3028,27.09,85,55,5.24,PG,1640596114
124,price,39.5994,-110.8107,-4.94,73,90,2.57,US,1640596115
125,fukue,32.6881,128.8419,7.02,65,98,10.55,JP,1640596116
126,lazaro cardenas,17.9583,-102.2,22.05,86,0,2.13,MX,1640596116
127,yellowknife,62.456,-114.3525,-25.69,100,99,2.52,CA,1640596117
128,lasa,46.6166,10.7002,1.68,88,78,1.1,IT,1640596119
129,tadine,-21.55,167.8833,26.01,80,76,2.76,NC,1640596119
130,nushki,29.5542,66.0215,16.11,18,98,3.06,PK,1640596097
131,tromso,69.6496,18.957,-2.99,86,75,0.45,NO,1640596121
132,san nicolas guadalupe,19.6125,-100.0333,2.88,66,0,0.43,MX,1640596122
133,faanui,-16.4833,-151.75,26.02,74,48,2.54,PF,1640596122
134,codrington,-38.2667,141.9667,14.21,64,3,8.94,AU,1640596123
135,west plains,36.7281,-91.8524,18.62,89,1,2.68,US,1640596124
136,tabou,4.423,-7.3528,27.85,77,57,1.22,CI,1640596125
137,barrow,71.2906,-156.7887,-20.99,71,90,6.69,US,1640596126
138,caico,-6.4583,-37.0978,25.66,76,100,3.11,BR,1640596127
139,hami,42.8,93.45,-3.66,25,47,0.96,CN,1640596128
140,castro,-24.7911,-50.0119,16.36,76,71,0.55,BR,1640596129
141,san cristobal,7.7669,-72.225,17.95,96,69,1.03,VE,1640596129
142,biak,-0.9131,122.8766,26.14,74,100,3.84,ID,1640596130
143,ati,13.2154,18.3353,27.98,16,14,3.1,TD,1640596131
144,benguela,-12.5763,13.4055,25.52,64,91,2.98,AO,1640596131
145,esperance,-33.8667,121.9,22.23,59,6,11.65,AU,1640596132
146,bardstown,37.8092,-85.4669,15.86,92,75,2.06,US,1640596133
147,bud,39.447,-86.1758,14.21,96,100,5.99,US,1640596134
148,cabo san lucas,22.8909,-109.9124,21.95,65,0,3.17,MX,1640596040
149,miri,4.4148,114.0089,27.96,77,68,3.03,MY,1640596135
150,alice springs,-23.7,133.8833,33.75,14,0,6.69,AU,1640596135
151,mount gambier,-37.8333,140.7667,14.33,60,1,6.75,AU,1640596136
152,ilulissat,69.2167,-51.1,-14.86,75,91,2.42,GL,1640596137
153,boyabat,41.4689,34.7667,3.0,76,58,0.8,TR,1640596138
154,karymskoye,51.6167,114.35,-20.67,94,14,1.0,RU,1640596138
155,kedrovyy,56.1667,91.8167,-20.77,97,82,1.28,RU,1640596139
156,airai,-8.9266,125.4092,15.47,95,100,0.85,TL,1640596141
157,dillon,34.4166,-79.3712,11.81,92,26,2.33,US,1640596141
158,dudinka,69.4058,86.1778,-26.71,98,48,3.69,RU,1640596143
159,batticaloa,7.7102,81.6924,27.87,58,4,3.88,LK,1640596143
160,selkirk,50.1436,-96.8845,-11.07,88,100,5.59,CA,1640596144
161,longyearbyen,78.2186,15.6401,-10.09,57,0,4.12,SJ,1640595986
162,san isidro,-12.1167,-77.05,19.58,89,75,0.45,PE,1640596146
163,laguna,38.421,-121.4238,9.4,92,90,1.34,US,1640596026
164,batagay,67.6333,134.6333,-42.32,99,98,0.86,RU,1640596147
165,victoria,22.2855,114.1577,14.41,80,100,0.45,HK,1640596076
166,saint george,37.1041,-113.5841,5.21,70,75,1.79,US,1640596148
167,venice,27.0998,-82.4543,18.88,100,1,1.54,US,1640596021
168,meulaboh,4.1363,96.1285,28.91,67,73,3.19,ID,1640596150
169,fairbanks,64.8378,-147.7164,3.98,93,90,2.24,US,1640596150
170,san patricio,28.017,-97.5169,23.27,94,21,3.96,US,1640596151
171,tilichiki,60.4667,166.1,-25.13,92,76,5.24,RU,1640596152
172,flinders,-34.5833,150.8552,17.89,89,100,2.68,AU,1640596153
173,chicama,-7.8447,-79.1469,19.07,86,70,1.89,PE,1640596154
174,hithadhoo,-0.6,73.0833,28.01,67,21,5.69,MV,1640596154
175,anadyr,64.75,177.4833,-23.62,76,100,3.1,RU,1640596155
176,great bend,38.3645,-98.7648,5.34,48,1,5.14,US,1640596156
177,uvarovo,51.9849,42.2615,-12.9,91,15,3.45,RU,1640596157
178,mar del plata,-38.0023,-57.5575,16.04,83,0,1.0,AR,1640596158
179,katsuura,35.1333,140.3,8.44,41,10,0.99,JP,1640596158
180,ashti,19.3833,76.2333,28.5,29,96,0.73,IN,1640596159
181,roma,43.2128,-75.4557,-2.56,79,90,0.0,US,1640596160
182,taltal,-25.4,-70.4833,18.11,84,45,0.47,CL,1640596161
183,bathsheba,13.2167,-59.5167,25.34,73,75,5.14,BB,1640596162
184,port hardy,50.6996,-127.4199,-6.25,61,9,4.99,CA,1640596163
185,constitucion,-35.3333,-72.4167,14.59,75,83,1.92,CL,1640596164
186,aparecida do taboado,-20.0867,-51.0936,21.0,58,1,2.29,BR,1640595904
187,cayenne,4.9333,-52.3333,26.16,89,75,0.89,GF,1640596165
188,canutama,-6.5339,-64.3831,23.56,98,100,1.02,BR,1640596166
189,serenje,-13.2325,30.2352,28.6,33,13,4.38,ZM,1640596166
190,san vicente,-26.6167,-54.1333,16.33,70,10,1.25,AR,1640596167
191,la libertad,-2.2333,-80.9,21.92,84,100,4.08,EC,1640596168
192,nanortalik,60.1432,-45.2371,-2.59,61,57,2.08,GL,1640596169
193,bubaque,11.2833,-15.8333,26.76,58,100,3.45,GW,1640596170
194,naze,28.3667,129.4833,12.17,65,100,7.08,JP,1640596170
195,edson,53.5835,-116.4356,-37.89,100,74,1.21,CA,1640595964
196,narsaq,60.9167,-46.05,-3.88,62,0,2.91,GL,1640596172
197,auki,-8.7676,160.7034,26.7,87,98,2.66,SB,1640596173
198,jiangyou,31.7667,104.7167,4.43,65,99,1.95,CN,1640596174
199,lata,40.1629,-8.3327,15.4,96,59,2.58,PT,1640596174
200,burnie,-41.0667,145.9167,16.07,64,78,2.62,AU,1640596175
201,flin flon,54.7682,-101.865,-22.96,97,100,2.89,CA,1640596176
202,saldanha,-33.0117,17.9442,19.91,75,100,4.49,ZA,1640596176
203,chokurdakh,70.6333,147.9167,-30.37,98,100,2.38,RU,1640596177
204,gao,16.6362,1.637,22.79,13,18,7.87,ML,1640596178
205,juneau,58.3019,-134.4197,-4.97,94,90,0.45,US,1640596178
206,ambatofinandrahana,-20.55,46.8,28.03,44,23,1.6,MG,1640596042
207,caravelas,-17.7125,-39.2481,22.42,96,74,1.46,BR,1640596180
208,haines junction,60.7522,-137.5108,-7.83,96,100,1.69,CA,1640596180
209,porto velho,-8.7619,-63.9039,24.03,94,0,0.51,BR,1640596077
210,villa carlos paz,-31.4241,-64.4978,23.55,10,96,0.89,AR,1640596181
211,acapulco,16.8634,-99.8901,22.9,88,1,0.0,MX,1640596182
212,beringovskiy,63.05,179.3167,-22.4,96,100,5.79,RU,1640596183
213,kruisfontein,-34.0033,24.7314,26.05,63,64,9.27,ZA,1640596184
214,palu,-0.8917,119.8707,25.41,89,100,1.17,ID,1640596184
215,phangnga,8.4509,98.5298,32.02,46,30,2.11,TH,1640596185
216,sayyan,15.1718,44.3244,19.85,16,0,1.52,YE,1640596186
217,hovd,48.0056,91.6419,-16.49,82,12,0.59,MN,1640596186
218,semey,50.4111,80.2275,-8.88,86,75,5.0,KZ,1640596153
219,lebu,-37.6167,-73.65,13.28,95,43,6.87,CL,1640596188
220,mwingi,-0.9344,38.0601,24.12,72,20,3.37,KE,1640596188
221,saskylakh,71.9167,114.0833,-30.92,98,53,3.26,RU,1640596189
222,guatire,10.4762,-66.5427,21.28,97,52,0.95,VE,1640596190
223,asfi,32.2994,-9.2372,17.11,85,98,3.49,MA,1640595961
224,mezen,65.8522,44.24,-20.28,100,99,0.42,RU,1640596191
225,tatawin,32.9297,10.4518,16.26,40,12,6.3,TN,1640596192
226,marawi,7.9986,124.2928,22.58,96,100,1.82,PH,1640596193
227,berdigestyakh,62.0989,126.6992,-32.65,97,100,1.25,RU,1640596194
228,port elizabeth,-33.918,25.5701,27.28,56,5,3.52,ZA,1640596020
229,talnakh,69.4865,88.3972,-24.35,93,33,3.81,RU,1640596195
230,atherton,53.5237,-2.4935,6.91,96,100,0.89,GB,1640596196
231,sovetsk,55.0839,21.8785,-4.76,93,10,2.75,RU,1640596196
232,mercedes,-34.6515,-59.4307,21.59,79,12,2.69,AR,1640596197
233,karratha,-20.7377,116.8463,39.18,27,80,5.13,AU,1640596198
234,nyandoma,61.669,40.1991,-17.21,97,99,2.22,RU,1640596198
235,bose,45.4612,8.0137,6.52,85,100,0.59,IT,1640596199
236,nybro,56.7446,15.9071,-11.21,94,12,1.03,SE,1640596200
237,cunduacan,18.0667,-93.1667,20.51,95,0,2.31,MX,1640596201
238,takoradi,4.8845,-1.7554,28.51,74,49,3.2,GH,1640596201
239,matara,5.9485,80.5353,30.01,49,0,4.59,LK,1640596202
240,pisco,-13.7,-76.2167,18.03,88,75,0.51,PE,1640595974
241,husavik,66.0449,-17.3389,-4.05,86,99,3.38,IS,1640596203
242,mumford,5.2618,-0.759,28.52,75,86,3.51,GH,1640596204
243,tessalit,20.1986,1.0114,21.26,18,0,4.96,ML,1640596205
244,baykit,61.67,96.37,-23.26,99,21,1.23,RU,1640596206
245,suslovo,56.2167,88.1167,-10.1,90,100,2.18,RU,1640596207
246,changji,44.0167,87.3167,-6.56,73,23,2.0,CN,1640596208
247,hailar,49.2,119.7,-25.24,95,34,2.03,CN,1640596209
248,ilo,-17.6394,-71.3375,20.87,88,85,2.26,PE,1640596210
249,vila velha,-20.3297,-40.2925,21.64,94,0,0.89,BR,1640596210
250,egvekinot,66.3167,-179.1667,-26.46,85,100,3.96,RU,1640596211
251,newport,51.5877,-2.9984,10.25,93,100,4.2,GB,1640596212
252,lac du bonnet,50.2536,-96.0612,-11.64,84,100,4.96,CA,1640596213
253,garowe,8.4054,48.4845,29.03,29,61,5.71,SO,1640596213
254,amambai,-23.1042,-55.2258,20.21,42,0,2.9,BR,1640596214
255,puerto carreno,6.189,-67.4859,23.74,63,100,3.94,CO,1640596215
256,klaksvik,62.2266,-6.589,5.51,93,100,12.1,FO,1640596216
257,coquimbo,-29.9533,-71.3436,16.27,91,46,1.01,CL,1640595796
258,padang,-0.9492,100.3543,28.39,79,82,2.18,ID,1640596035
259,opuwo,-18.0607,13.84,28.11,12,39,3.45,NA,1640596218
260,sulangan,11.1373,123.7228,26.86,79,99,8.09,PH,1640596219
261,homer,59.6425,-151.5483,6.93,90,75,6.17,US,1640596124
262,great falls,47.5002,-111.3008,-25.19,77,90,0.45,US,1640596051
263,muros,42.7762,-9.0603,16.16,81,99,10.17,ES,1640596221
264,pointe michel,15.25,-61.3833,24.8,79,26,3.14,DM,1640596221
265,kysyl-syr,63.8986,122.7617,-37.24,100,83,1.42,RU,1640596222
266,vilhena,-12.7406,-60.1458,20.31,97,100,0.9,BR,1640596223
267,aquidauana,-20.4711,-55.7872,23.15,60,10,1.37,BR,1640596223
268,havelock,34.8791,-76.9013,12.97,82,1,4.12,US,1640596225
269,waingapu,-9.6567,120.2641,28.37,71,93,3.96,ID,1640596226
270,sarkand,45.41,79.9186,-0.49,91,100,0.61,KZ,1640596226
271,torbay,47.6666,-52.7314,1.26,96,90,9.26,CA,1640595928
272,solnechnyy,50.7214,136.6319,-28.71,98,49,1.51,RU,1640596228
273,pak phanang,8.3511,100.202,28.0,68,5,3.51,TH,1640596229
274,sikonge,-5.6333,32.7667,27.25,47,53,4.08,TZ,1640596229
275,bara,10.3744,10.7288,27.73,14,28,5.5,NG,1640596230
276,mehamn,71.0357,27.8492,-2.05,74,100,4.36,NO,1640596231
277,ribeira grande,38.5167,-28.7,18.22,88,75,15.43,PT,1640596232
278,itarema,-2.9248,-39.9167,25.63,84,100,3.93,BR,1640596200
279,portree,57.4129,-6.1942,6.59,94,100,3.42,GB,1640596233
280,san jeronimo,-11.9472,-75.2829,8.18,78,100,0.25,PE,1640596234
281,verkhnevilyuysk,63.4453,120.3167,-31.35,100,100,1.74,RU,1640596235
282,colesberg,-30.72,25.0972,16.89,73,100,8.07,ZA,1640596236
283,yanam,16.7333,82.2167,29.22,53,76,3.01,IN,1640596236
284,port lincoln,-34.7333,135.8667,18.02,65,0,9.23,AU,1640596237
285,fortuna,40.5982,-124.1573,6.19,96,90,0.89,US,1640596238
286,magadan,59.5667,150.8,-21.0,76,100,5.87,RU,1640596238
287,adre,13.4667,22.2,27.24,16,43,5.24,TD,1640596239
288,port-cartier,50.0334,-66.8654,-3.47,80,100,4.22,CA,1640596240
289,cochrane,51.1834,-114.4687,-29.06,79,96,1.15,CA,1640596241
290,liverpool,53.4106,-2.9779,7.05,96,90,1.34,GB,1640595975
291,tiarei,-17.5333,-149.3333,25.01,67,100,2.25,PF,1640596242
292,ahipara,-35.1667,173.1667,19.1,94,100,2.12,NZ,1640596243
293,boyolangu,-8.1181,111.8935,29.13,71,44,4.64,ID,1640596244
294,tasiilaq,65.6145,-37.6368,-8.91,62,1,2.1,GL,1640596245
295,honningsvag,70.9821,25.9704,-1.45,60,100,6.06,NO,1640596245
296,matagami,49.7502,-77.6328,-27.4,100,34,0.81,CA,1640596247
297,havre-saint-pierre,50.2334,-63.5986,-2.5,76,45,4.03,CA,1640596247
298,tezu,27.9167,96.1667,21.94,32,96,1.03,IN,1640596248
299,jasper,37.2001,-94.3502,18.54,75,1,1.34,US,1640596249
300,novotroitsk,51.203,58.3266,-4.64,91,100,7.12,RU,1640596249
301,port lavaca,28.615,-96.6261,21.19,93,1,2.06,US,1640596250
302,surt,31.2089,16.5887,17.18,40,54,7.42,LY,1640596251
303,hyderabad,17.3753,78.4744,27.73,54,69,1.03,IN,1640596212
304,sakiai,54.9547,23.0358,-4.86,95,48,2.55,LT,1640596252
305,bagotville,-28.9833,153.4167,23.01,99,100,6.18,AU,1640596253
306,vanavara,60.34,102.2797,-20.08,100,91,1.27,RU,1640596253
307,pangody,65.85,74.4859,-18.56,83,100,8.14,RU,1640596254
308,yar-sale,66.8333,70.8333,-14.73,94,100,7.85,RU,1640596255
309,bambanglipuro,-7.95,110.2833,29.09,70,41,4.01,ID,1640596257
310,carman,49.4992,-98.0016,-8.82,95,100,4.58,CA,1640596258
311,lokosovo,61.1333,74.8167,-18.78,83,88,4.62,RU,1640596259
312,casper,42.8666,-106.3131,-5.28,50,1,2.24,US,1640595977
313,jacareacanga,-6.2222,-57.7528,22.95,99,100,1.37,BR,1640596260
314,sekondi,4.937,-1.7128,28.84,72,55,3.07,GH,1640596260
315,lompoc,34.6391,-120.4579,9.32,80,1,1.54,US,1640596261
316,isangel,-19.55,169.2667,27.15,81,97,1.45,VU,1640596262
317,coihaique,-45.5752,-72.0662,16.97,59,85,3.6,CL,1640596085
318,sangueya,10.7,-14.3667,25.81,63,100,0.82,GN,1640596263
319,nabire,-3.3667,135.4833,26.22,89,46,2.29,ID,1640596264
320,vestmannaeyjar,63.4427,-20.2734,2.55,69,20,5.14,IS,1640596265
321,balikpapan,-1.2675,116.8289,28.55,84,40,2.06,ID,1640596266
322,tiksi,71.6872,128.8694,-22.36,100,100,2.0,RU,1640596267
323,huron,41.1501,-82.5499,2.12,88,100,7.8,US,1640596267
324,kinsale,51.7075,-8.5306,9.65,93,75,8.75,IE,1640596268
325,palmer,42.1584,-72.3287,0.38,66,1,4.12,US,1640596269
326,old saybrook,41.2918,-72.3762,2.24,67,1,2.06,US,1640596050
327,sinnamary,5.3833,-52.95,24.98,90,77,4.26,GF,1640596270
328,avera,33.194,-82.5271,14.93,97,2,2.53,US,1640596271
329,cedar city,37.6775,-113.0619,-0.46,66,40,10.29,US,1640596271
330,fuerte olimpo,-21.0415,-57.8738,25.98,59,62,1.69,PY,1640596272
331,berlevag,70.8578,29.0864,-2.03,54,40,5.66,NO,1640596273
332,asosa,10.0667,34.5333,26.95,35,97,2.32,ET,1640596274
333,bairiki,1.3292,172.9752,28.0,78,75,3.09,KI,1640596275
334,mackay,-21.15,149.2,26.14,82,100,4.09,AU,1640596276
335,manokwari,-0.8667,134.0833,27.08,79,93,5.51,ID,1640596277
336,sal rei,16.1833,-22.9167,21.31,94,0,3.6,CV,1640596277
337,umm kaddadah,13.6017,26.6876,25.37,12,78,6.78,SD,1640596279
338,kavieng,-2.5744,150.7967,28.57,78,99,3.22,PG,1640596279
339,mahajanga,-15.7167,46.3167,30.77,62,98,5.07,MG,1640596280
340,akersberga,59.4794,18.2997,-3.18,97,16,2.26,SE,1640596281
341,saint-georges,12.0564,-61.7485,24.5,78,47,5.08,GD,1640596281
342,rawson,-43.3002,-65.1023,21.18,43,0,6.1,AR,1640596282
343,shenjiamen,29.9576,122.298,3.44,52,8,5.76,CN,1640596284
344,diffa,13.3154,12.6113,24.92,20,48,6.92,NE,1640596285
345,kupang,-10.1667,123.5833,25.32,88,75,2.57,ID,1640596285
346,ambulu,-8.345,113.6058,29.12,72,80,3.82,ID,1640596286
347,wenling,28.3669,121.36,4.88,53,10,5.1,CN,1640596207
348,pringsewu,-5.3582,104.9744,28.57,81,49,0.98,ID,1640596287
349,dubbo,-32.25,148.6167,21.07,60,54,8.23,AU,1640596288
350,ixtapa,20.7,-105.2,20.68,79,1,1.5,MX,1640596288
351,iqaluit,63.7506,-68.5145,-19.32,94,97,0.82,CA,1640596277
352,kyra,49.5776,111.9753,-11.02,44,11,1.19,RU,1640596290
353,sao joao da barra,-21.6403,-41.0511,21.97,90,12,3.9,BR,1640596291
354,henties bay,-22.116,14.2845,19.92,59,99,3.81,NA,1640596291
355,alice,27.7523,-98.0697,22.4,100,90,3.09,US,1640596292
356,ayan,56.45,138.1667,-27.36,72,11,5.78,RU,1640596293
357,yumen,40.2833,97.2,-5.31,43,3,3.84,CN,1640596294
358,tonota,-21.4833,27.4833,23.35,71,100,1.77,BW,1640596295
359,cardedeu,41.6398,2.3574,16.49,70,38,4.98,ES,1640596295
360,veraval,20.9,70.3667,26.27,51,26,2.65,IN,1640596296
361,pacific grove,36.6177,-121.9166,9.88,88,100,1.79,US,1640596297
362,paka,4.6374,103.4368,27.97,70,70,4.91,MY,1640596298
363,southbridge,42.0751,-72.0334,0.21,72,7,1.34,US,1640596298
364,tiptur,13.2586,76.4783,26.66,34,10,4.06,IN,1640596299
365,gangavalli,11.4983,78.6497,27.89,52,7,2.8,IN,1640596300
366,atambua,-9.1061,124.8925,22.48,90,100,0.22,ID,1640596301
367,yenagoa,4.9247,6.2642,31.73,56,87,0.75,NG,1640596301
368,vagur,61.4732,-6.8119,7.07,85,100,6.92,FO,1640596302
369,bosaso,11.2842,49.1816,26.83,62,87,5.06,SO,1640596303
370,leeton,-34.5667,146.4,26.61,33,50,8.59,AU,1640596303
371,sur,22.5667,59.5289,25.68,58,30,4.52,OM,1640596010
372,alakurtti,66.9672,30.3491,-14.3,97,100,1.74,RU,1640596305
373,pingzhuang,42.0372,119.2889,-7.78,44,0,1.14,CN,1640596306
374,the pas,53.8251,-101.2541,-24.99,77,90,3.09,CA,1640596307
375,alingsas,57.9303,12.5335,-2.48,97,65,1.95,SE,1640596307
376,trairi,-3.2778,-39.2689,25.6,85,83,3.08,BR,1640596237
377,glinishchevo,53.3042,34.0652,-10.93,79,0,3.0,RU,1640596309
378,gillette,44.2911,-105.5022,-19.06,78,1,1.54,US,1640596309
379,ewa beach,21.3156,-158.0072,23.02,67,1,3.58,US,1640596030
380,half moon bay,37.4636,-122.4286,10.19,89,75,0.45,US,1640596311
381,ovruch,51.3246,28.8035,-6.55,86,28,1.35,UA,1640596312
382,bousso,10.4795,16.7117,30.67,14,94,3.27,TD,1640596313
383,dire,12.2833,-10.9667,24.42,21,100,0.67,ML,1640596313
384,poum,-20.2333,164.0167,27.78,81,99,6.74,NC,1640596314
385,bom jesus,-9.0744,-44.3586,20.89,99,100,0.76,BR,1640596315
386,ovalle,-30.5983,-71.2003,18.93,75,51,0.96,CL,1640596316
387,alta floresta,-9.8756,-56.0861,21.27,99,93,1.26,BR,1640596316
388,bullhead city,35.1478,-114.5683,13.17,62,1,2.06,US,1640596318
389,mitu,1.1983,-70.1733,21.83,96,100,0.1,CO,1640596201
390,puerto del rosario,28.5004,-13.8627,18.86,88,75,5.14,ES,1640596319
391,bengkulu,-3.8004,102.2655,28.88,71,70,3.88,ID,1640596319
392,roald,62.5833,6.1333,0.08,80,0,5.14,NO,1640596320
393,cootamundra,-34.65,148.0333,19.97,58,26,10.17,AU,1640596321
394,sarangani,5.4033,125.4636,28.14,75,100,6.95,PH,1640596322
395,ambon,-3.6954,128.1814,29.08,74,40,3.09,ID,1640596322
396,praia da vitoria,38.7333,-27.0667,18.2,89,83,14.24,PT,1640596323
397,san jose,37.3394,-121.895,10.16,90,90,3.58,US,1640596212
398,maceio,-9.6658,-35.7353,24.69,94,90,0.51,BR,1640596325
399,moindou,-21.6924,165.677,26.97,75,31,1.24,NC,1640596325
400,sorland,67.667,12.6934,-0.08,60,65,5.34,NO,1640596326
401,rosarito,32.3333,-117.0333,9.53,63,81,3.51,MX,1640596107
402,kirakira,-10.4544,161.9205,27.42,84,100,2.3,SB,1640596327
403,kuryk,43.2,51.65,6.82,59,100,8.21,KZ,1640596328
404,parainen,60.3067,22.301,-2.28,98,71,0.41,FI,1640596329
405,leningradskiy,69.3833,178.4167,-33.58,93,15,2.47,RU,1640596330
406,carutapera,-1.195,-46.02,24.98,89,100,1.93,BR,1640596330
407,clarence town,-32.5833,151.7833,19.41,77,100,3.26,AU,1640596331
408,lodja,-3.4833,23.4333,24.34,77,100,1.24,CD,1640596332
409,cockburn town,21.4612,-71.1419,24.75,76,0,6.72,TC,1640596319
410,koygorodok,60.445,50.9968,-13.23,93,98,2.58,RU,1640596333
411,andenes,69.3143,16.1194,-0.01,80,40,6.17,NO,1640596334
412,sergach,55.5308,45.4661,-14.92,91,75,5.72,RU,1640596335
413,ferme-neuve,46.7001,-75.4493,-13.27,87,6,2.12,CA,1640596335
414,grindavik,63.8424,-22.4338,-0.06,86,75,3.6,IS,1640596336
415,kavaratti,10.5669,72.642,27.02,67,13,1.53,IN,1640596337
416,kyzyl,51.7,94.45,-25.16,95,28,0.36,RU,1640596338
417,mujiayingzi,42.1167,118.7833,-7.54,45,0,3.25,CN,1640596339
418,sechura,-5.5569,-80.8222,19.38,84,100,2.77,PE,1640596339
419,derzhavinsk,51.1,66.3167,-9.63,82,100,9.01,KZ,1640596340
420,skowhegan,44.7651,-69.7192,-2.36,87,46,2.16,US,1640596341
421,fort nelson,58.8053,-122.7002,-35.69,100,74,0.46,CA,1640596341
422,port macquarie,-31.4333,152.9167,21.05,70,100,8.42,AU,1640596342
423,hobyo,5.3505,48.5268,27.44,63,100,8.41,SO,1640596343
424,chapais,49.7834,-74.8492,-23.12,100,30,1.41,CA,1640596344
425,lock haven,41.137,-77.4469,0.47,84,95,0.86,US,1640596345
426,gossas,14.4912,-16.0642,25.09,16,27,5.05,SN,1640596345
427,puerto madryn,-42.7692,-65.0385,20.01,52,0,4.03,AR,1640596346
428,tecolutla,20.4833,-97.0167,19.39,87,0,2.49,MX,1640596347
429,sosua,19.7667,-70.5167,20.99,100,75,0.0,DO,1640596347
430,nieuw amsterdam,5.8833,-55.0833,24.45,97,40,0.0,SR,1640596348
431,katangli,51.7102,143.2326,-22.68,82,10,6.3,RU,1640596349
432,enterprise,36.0252,-115.2419,7.14,40,40,4.92,US,1640596350
433,srednekolymsk,67.45,153.6833,-34.66,99,97,3.6,RU,1640596350
434,zhigansk,66.7697,123.3711,-33.84,100,100,1.51,RU,1640596351
435,amol,36.4696,52.3507,13.69,43,0,1.87,IR,1640596352
436,sao felix do xingu,-6.6447,-51.995,21.74,99,100,0.55,BR,1640596354
437,san carlos,9.6612,-68.5827,20.77,84,66,1.4,VE,1640596355
438,paragominas,-2.9667,-47.4833,22.28,99,100,1.36,BR,1640596355
439,nemuro,43.3236,145.575,-3.83,71,100,9.01,JP,1640596356
440,vestmanna,62.1564,-7.1664,4.51,93,90,6.69,FO,1640596357
441,la ronge,55.1001,-105.2842,-23.33,98,100,2.5,CA,1640596358
442,delhi,28.6667,77.2167,20.05,52,20,0.0,IN,1640596077
443,ratnagiri,16.9833,73.3,28.3,49,36,3.65,IN,1640596359
444,matay,28.419,30.7792,16.46,48,100,5.6,EG,1640596360
445,namibe,-15.1961,12.1522,23.14,62,92,3.71,AO,1640596360
446,mecca,21.4267,39.8261,26.92,45,49,3.29,SA,1640596301
447,urumqi,43.801,87.6005,-8.47,73,24,2.0,CN,1640596322
448,riyadh,24.6877,46.7219,14.08,43,79,1.79,SA,1640596090
449,dunedin,-45.8742,170.5036,10.45,97,100,0.89,NZ,1640596362
450,baruun-urt,46.6806,113.2792,-14.15,80,13,4.47,MN,1640596363
451,nicoya,10.1483,-85.452,21.66,92,14,0.88,CR,1640596219
452,dongying,37.4564,118.4856,-0.67,43,0,3.02,CN,1640596364
453,miles city,46.4083,-105.8406,-23.46,70,1,3.6,US,1640596365
454,tacuarembo,-31.7333,-55.9833,17.97,39,1,2.72,UY,1640596287
455,balaipungut,1.05,101.2833,30.23,86,79,1.91,ID,1640596367
456,teguldet,57.3064,88.1667,-11.92,91,100,2.1,RU,1640596367
457,labuhan,-6.8844,112.2051,28.31,79,97,4.89,ID,1640596368
458,vuktyl,63.8567,57.3094,-13.97,85,89,3.47,RU,1640596369
459,coruripe,-10.1256,-36.1756,24.82,88,97,3.15,BR,1640596369
460,karak,31.1667,35.75,10.4,46,0,6.17,JO,1640596370
461,alofi,-19.0595,-169.9187,26.92,75,100,4.5,NU,1640596371
462,guerrero negro,27.9769,-114.0611,14.89,74,94,6.72,MX,1640596372
463,tommot,58.9564,126.2925,-27.97,95,100,2.81,RU,1640596372
464,kabo,7.6994,18.629,34.41,15,49,2.82,CF,1640596373
465,guozhen,34.3659,107.359,-0.53,62,67,1.51,CN,1640596374
466,zhezkazgan,47.8043,67.7144,-9.01,73,0,4.0,KZ,1640596375
467,kudat,6.8837,116.8477,26.04,85,100,4.41,MY,1640596376
468,dingle,10.9995,122.6711,25.03,89,79,5.38,PH,1640596377
469,sainte-marie,-20.8968,55.5496,28.21,81,90,7.2,RE,1640596377
470,kamaishi,39.2667,141.8833,-2.51,72,36,5.04,JP,1640596378
471,chernyy yar,48.0624,46.1091,-0.65,77,100,1.95,RU,1640596379
472,alekseyevka,50.6309,38.6903,-8.89,92,40,1.76,RU,1640596379
473,brae,60.3964,-1.353,4.95,93,100,11.51,GB,1640596380
474,moerai,-22.4333,-151.3333,25.21,61,68,6.32,PF,1640596381
475,beloha,-25.1667,45.05,26.77,62,93,7.29,MG,1640596382
476,souillac,-20.5167,57.5167,24.64,78,93,5.69,MU,1640596383
477,kathmandu,27.7167,85.3167,14.12,51,20,3.09,NP,1640596003
478,gemena,3.25,19.7667,26.37,69,100,0.27,CD,1640596385
479,beinamar,8.6698,15.3813,30.76,15,55,2.51,TD,1640596385
480,albox,37.3886,-2.1495,16.29,70,69,6.42,ES,1640596386
481,gagino,55.2314,45.0339,-14.53,92,52,5.31,RU,1640596387
482,qasigiannguit,68.8193,-51.1922,-15.67,73,65,2.18,GL,1640596388
483,inhambane,-23.865,35.3833,27.66,72,93,6.3,MZ,1640596388
484,at-bashi,41.1702,75.8106,-8.52,76,100,0.59,KG,1640596389
485,milkovo,54.7167,158.6167,-11.09,92,100,6.24,RU,1640596390
486,tulungagung,-8.0657,111.9025,29.39,71,45,4.41,ID,1640596390
487,agapovka,53.2973,59.1348,-7.44,90,97,4.87,RU,1640596391
488,emba,48.8264,58.1442,-4.14,86,100,9.42,KZ,1640596392
489,saint-philippe,-21.3585,55.7679,27.9,87,100,5.92,RE,1640596393
490,vila franca do campo,37.7167,-25.4333,18.23,87,59,9.86,PT,1640596394
491,mancio lima,-7.6142,-72.8958,22.96,92,91,1.26,BR,1640596395
492,belmonte,-15.8631,-38.8828,24.28,90,87,4.95,BR,1640596396
493,sawakin,19.1059,37.3321,25.16,67,94,5.99,SD,1640596396
494,bhopal,23.2667,77.4,24.13,38,14,2.06,IN,1640596330
495,caramay,10.1815,119.236,26.34,85,100,4.62,PH,1640596398
496,zlobin,45.2924,14.6541,4.61,73,0,1.54,HR,1640596398
497,peniche,39.3558,-9.3811,16.45,94,29,5.65,PT,1640596399
498,turochak,52.2576,87.1224,-6.99,88,100,0.12,RU,1640596400
499,marrakesh,31.6315,-8.0083,12.04,100,75,2.57,MA,1640596400
500,raga,8.4596,25.678,27.92,17,100,3.54,SS,1640596401
501,beyneu,45.3167,55.2,1.0,55,100,7.69,KZ,1640596402
502,megion,61.0296,76.1136,-20.55,82,73,5.05,RU,1640596403
503,atar,20.5169,-13.0499,21.41,23,76,3.25,MR,1640596403
504,hasaki,35.7333,140.8333,1.22,25,60,3.64,JP,1640596404
505,piedecuesta,6.9879,-73.0495,19.91,89,87,0.96,CO,1640596405
506,mombetsu,44.3525,143.3525,-5.64,80,81,4.96,JP,1640596163
507,maragogi,-9.0122,-35.2225,25.08,88,98,3.02,BR,1640596406
508,wittmund,53.5667,7.7833,-0.55,86,75,4.12,DE,1640596407
509,gazalkent,41.5581,69.7708,-0.8,63,11,1.64,UZ,1640596407
510,illela,13.7292,5.2975,25.0,13,3,7.18,NG,1640596408
511,sitka,57.0531,-135.33,-1.06,86,90,7.72,US,1640596409
512,yichang,30.7144,111.2847,5.34,42,22,2.46,CN,1640596410
513,sola,-13.8833,167.55,28.26,72,86,2.86,VU,1640596410
514,concordia,-31.393,-58.0209,19.23,38,60,1.62,AR,1640596411
515,kananga,-5.8958,22.4178,25.33,81,96,2.59,CD,1640596412
516,dong hoi,17.4833,106.6,18.28,91,100,7.87,VN,1640596413
517,birao,10.2849,22.7882,30.17,13,100,5.53,CF,1640596413
518,koulikoro,14.0,-7.75,23.5,13,100,5.97,ML,1640596414
519,el carmen,8.5106,-73.4478,19.52,95,63,1.85,CO,1640596415
520,ippy,6.2679,21.2247,31.38,35,89,2.05,CF,1640596415
521,vincennes,48.85,2.4333,9.65,95,90,0.89,FR,1640596416
522,la plaine,15.3333,-61.25,23.77,83,28,2.63,DM,1640596417
523,elizabeth city,36.2946,-76.2511,11.66,87,1,4.12,US,1640596417
524,salta,-24.7859,-65.4117,21.16,72,81,1.73,AR,1640596328
525,erenhot,43.6475,111.9767,-8.1,24,0,5.26,CN,1640596419
526,katobu,-4.9408,122.5276,27.64,73,100,4.14,ID,1640596419
527,tuatapere,-46.1333,167.6833,12.68,82,98,2.28,NZ,1640596420
528,khandyga,62.6667,135.6,-49.2,100,78,0.63,RU,1640596421
529,iskateley,67.6803,53.1512,-17.42,96,98,3.5,RU,1640596421
530,kamenka,51.3223,42.7678,-9.03,95,45,2.64,RU,1640596422
531,nampula,-15.1165,39.2666,30.97,55,75,2.57,MZ,1640596423
532,cap malheureux,-19.9842,57.6142,24.7,89,33,2.68,MU,1640596424
533,labrea,-7.2586,-64.7981,23.54,97,100,0.49,BR,1640596425
534,la union,-5.4,-80.75,19.85,80,100,3.02,PE,1640596426
535,kenai,60.5544,-151.2583,6.05,92,1,7.2,US,1640596426
536,sambava,-14.2667,50.1667,29.33,62,100,3.65,MG,1640596427
537,quatre cocos,-20.2078,57.7625,24.49,76,72,5.38,MU,1640596428
538,gamba,-2.65,10.0,27.32,71,100,3.17,GA,1640596429
539,gogrial,8.5332,28.1004,31.7,19,100,3.19,SS,1640596429
540,kununurra,-15.7667,128.7333,32.99,46,99,6.17,AU,1640596430
541,kudahuvadhoo,2.6708,72.8944,27.69,65,67,6.93,MV,1640596431
542,trofors,65.5333,13.4063,-1.36,95,100,2.03,NO,1640596432
543,joshimath,30.5667,79.5667,8.76,49,14,2.87,IN,1640596432
544,ambilobe,-13.2,49.05,37.75,22,100,1.95,MG,1640596433
545,hamilton,39.1834,-84.5333,12.77,83,90,1.34,US,1640596212
546,embonas,36.2269,27.8564,15.46,60,93,3.52,GR,1640596434
547,aspros,40.9,22.6309,16.6,74,97,0.93,GR,1640596435
548,hurghada,27.2574,33.8129,19.65,44,26,6.44,EG,1640596435
549,gudermes,43.3569,46.1053,7.69,77,66,0.46,RU,1640596436
550,kyabe,9.4515,18.9449,33.65,13,22,3.76,TD,1640596437
551,port hedland,-20.3167,118.5667,42.03,23,82,9.26,AU,1640596437
552,nuuk,64.1835,-51.7216,-2.66,74,20,2.06,GL,1640596438
553,boddam,57.4667,-1.7833,5.21,89,98,5.21,GB,1640596439
554,aljezur,37.3191,-8.8033,16.65,96,67,3.06,PT,1640596440
555,burns lake,54.2331,-125.7533,-25.87,93,44,1.47,CA,1640596440
556,chake chake,-5.2459,39.7666,29.47,66,98,2.22,TZ,1640596441
557,lagos,6.5833,3.75,31.69,58,51,1.16,NG,1640596096
558,kashi,39.4547,75.9797,1.24,42,76,1.63,CN,1640596443
559,yerbogachen,61.2767,108.0108,-33.59,98,20,1.45,RU,1640596443
560,sioux lookout,50.1001,-91.917,-14.69,92,100,4.22,CA,1640596444
561,conde,-7.2597,-34.9075,25.7,94,20,0.0,BR,1640596445
562,necochea,-38.5473,-58.7368,11.32,90,0,2.74,AR,1640596446
563,yamada,39.4667,141.95,-2.99,62,5,3.31,JP,1640596446
564,takanabe,32.1333,131.5,3.53,55,0,2.04,JP,1640596447
565,dongtai,32.8523,120.3095,0.87,27,0,2.08,CN,1640596449
